{"get_specific_data_time": 16.376495361328125, "prepare_output_data_time": 622.1606731414795, "visualize_time": 11.709451675415039, "total_time": 650.2466201782227}