{"get_specific_data_time": 11.900663375854492, "prepare_output_data_time": 690.8614635467529, "visualize_time": 15.447378158569336, "total_time": 718.2095050811768}