{"get_specific_data_time": 19.11163330078125, "prepare_output_data_time": 778.846263885498, "visualize_time": 14.603376388549805, "total_time": 812.5612735748291}