{"get_specific_data_time": 148.1027603149414, "prepare_output_data_time": 2432.965040206909, "visualize_time": 0.29158592224121094, "total_time": 2581.359386444092}