{"get_specific_data_time": 142.2731876373291, "prepare_output_data_time": 2106.614589691162, "visualize_time": 0.32258033752441406, "total_time": 2249.2103576660156}