{"get_specific_data_time": 33.249855041503906, "prepare_output_data_time": 1036.6077423095703, "visualize_time": 0.43845176696777344, "total_time": 1070.296049118042}