{"get_specific_data_time": 36.17501258850098, "prepare_output_data_time": 2048.741579055786, "visualize_time": 179.62646484375, "total_time": 2264.543056488037}