{"get_specific_data_time": 19.72341537475586, "prepare_output_data_time": 2039.170265197754, "visualize_time": 267.3056125640869, "total_time": 2326.1992931365967}