{"get_specific_data_time": 276.89290046691895, "prepare_output_data_time": 3622.5996017456055, "visualize_time": 131.84404373168945, "total_time": 4031.336545944214}