{"get_specific_data_time": 288.4812355041504, "prepare_output_data_time": 3754.9102306365967, "visualize_time": 93.78862380981445, "total_time": 4137.1800899505615}