{"get_specific_data_time": 356.4422130584717, "prepare_output_data_time": 5313.8182163238525, "visualize_time": 345.538854598999, "total_time": 6015.799283981323}