{"get_specific_data_time": 221.31776809692383, "prepare_output_data_time": 2738.332748413086, "visualize_time": 122.47323989868164, "total_time": 3082.1237564086914}