{"get_specific_data_time": 283.8025093078613, "prepare_output_data_time": 3538.0451679229736, "visualize_time": 106.89902305603027, "total_time": 3928.7467002868652}